Clean InchiKey,Clean Smiles,Molecule ChEMBL ID,Acrylamide,pChEMBL Median,pChEMBL std,Activity Measurements,Molecular Weight,cLogP,Polar Surface Area,Hydrogen Bond Donors,Hydrogen Bond Acceptors,Num Rotatable Bonds,Heavy Atoms,Aromatic Rings,QED,Lipinski Violations,Ligand Efficiency,Murcko Scaffold,Classification,Potency,Known Drug,Decoy,Affinity Pred,Affinity Prob Binary,Confidence Score,Confidence ipTM,Confidence Ligand ipTM,Boltz pChEMBL
BULITYBNVIHSDM-UHFFFAOYSA-N,C=CC(=O)Nc1cccc(Oc2nc(Nc3ccc(N4CCN(S(C)(=O)=O)CC4)cc3OC)ncc2SC)c1,CHEMBL3797963,True,6.14,,1,570.6970000000003,3.9491000000000014,125.98999999999998,2,10,10,39,3,0.2733360872363023,1,0.2156871794871794,c1ccc(Oc2ccnc(Nc3ccc(N4CCNCC4)cc3)n2)cc1,Covalent,mid,False,False,-1.3913755416870117,0.8414487838745117,0.9451531767845154,0.943073570728302,0.973983645439148,7.391375541687012
ACGUYXCXAPNIKK-UHFFFAOYSA-N,Oc1c(Cl)cc(Cl)c(Cl)c1Cc1c(O)c(Cl)cc(Cl)c1Cl,CHEMBL496,False,6.13,,1,406.907,6.609000000000001,40.46,2,2,2,21,2,0.550692990866757,1,0.3999095238095239,c1ccc(Cc2ccccc2)cc1,Other,mid,False,False,0.3301239013671875,0.5299976468086243,0.8784396052360535,0.931559681892395,0.8521931767463684,5.6698760986328125
NFJFOCDCCGFTGX-CXUHLZMHSA-N,O=[N+]([O-])c1ccc(/C=N/Nc2nnc(-c3ccncc3)o2)cc1,CHEMBL4561572,False,6.38,,1,310.273,2.4858,119.34,1,8,5,23,3,0.4364007776612026,0,0.3800260869565218,C(=N\Nc1nnc(-c2ccncc2)o1)/c1ccccc1,Other,mid,False,False,0.8128361701965332,0.1952904760837555,0.9278485178947449,0.9459428787231445,0.9275638461112976,5.187163829803467
NCQYFKGTEDNHPE-UHFFFAOYSA-N,c1ccc(CNc2ncnc3c2[nH]c2ccccc23)cc1,CHEMBL5173075,False,6.34,,1,274.327,3.723200000000001,53.6,2,3,3,21,4,0.5983259833529615,0,0.4136095238095238,c1ccc(CNc2ncnc3c2[nH]c2ccccc23)cc1,Other,mid,False,False,0.6717709302902222,0.6476647853851318,0.9463637471199036,0.9406619071960449,0.9866610765457153,5.328229069709778
VRJQXKKOPVMHKL-DHMZDEOHSA-N,C/C=C(\C)C(O[C@@H]1O[C@H](CO)[C@@H](O)[C@H](O)[C@H]1O)C(C)/C=C(C)/C=C/CC(C)=CCc1oc(OC)c(C)c(=O)c1C,CHEMBL1817964,False,6.8,0.2515949125081823,3,562.7000000000004,3.434040000000002,138.82000000000002,4,9,12,40,1,0.2228727968992032,1,0.2329,O=c1ccoc(CC=CC/C=C/C=C/CCO[C@H]2CCCCO2)c1,Monocyclic,mid,False,False,0.05987931787967682,0.04647989571094513,0.8674237132072449,0.9208909273147583,0.8240401744842529,5.940120682120323
LGLFFNDHMLKUMI-UHFFFAOYSA-N,CN(C)c1ccc(C(=C2C=CC(=[N+](C)C)C=C2)c2ccc(N(C)C)cc2)cc1,CHEMBL64894,False,6.33,,1,372.53600000000006,4.4596000000000044,9.49,0,2,4,28,2,0.7332076636758533,0,0.3097178571428571,[N+]=C1C=CC(=C(c2ccccc2)c2ccccc2)C=C1,Other,mid,False,False,1.4355628490447998,0.437954306602478,0.9098923802375793,0.9503670930862427,0.8956712484359741,4.5644371509552
UHTFEUZQHUMEIG-UHFFFAOYSA-N,Cc1nc2c(Br)cc(Br)cc2c(=O)n1N,CHEMBL4871569,False,7.14,,1,332.98300000000006,1.94372,60.91,1,3,0,15,2,0.7499278863248309,0,0.65212,O=c1[nH]cnc2ccccc12,Other,mid,False,False,0.9054272174835205,0.4575084447860718,0.9436700940132141,0.9490155577659607,0.9868338108062744,5.0945727825164795
JUZFTHJFMWRHJB-QZUHWTNASA-N,CC(=O)O[C@H]1CC[C@]2(C)[C@H]3CC=C4[C@@H]5CC(C)(C)CC[C@]5(C(=O)OCCCCO[N+](=O)[O-])CC[C@@]4(C)[C@]3(C)CC[C@H]2C1(C)C,CHEMBL4452906,False,7.0,,1,615.8520000000003,8.251500000000009,104.97000000000004,0,7,8,44,0,0.0889837524620119,2,0.2179545454545454,C1=C2C(CCC3CCCC[C@@H]23)C2CC[C@H]3CCCCC3[C@H]2C1,Other,mid,False,False,0.08257261663675308,0.05554791912436485,0.8252653479576111,0.9083656668663025,0.7210543751716614,5.917427383363247
IWGLXKVBQSBQMC-UHFFFAOYSA-N,Nc1ncnc2c1c(-c1cc(O)cc(F)c1)nn2C1CCCC1,CHEMBL1242199,False,6.12,,1,313.3360000000002,3.035300000000001,89.85,2,5,2,23,3,0.7586966328312489,0,0.3645391304347826,c1ccc(-c2nn(C3CCCC3)c3ncncc23)cc1,Other,mid,False,False,-1.52982497215271,0.7999043464660645,0.9456769227981567,0.9487118721008301,0.9775579571723938,7.52982497215271
YUAWUNMKPARPJD-VZYCLNPTSA-N,CCN(C)[C@H]1C[C@@H]2O[C@](C)([C@H]1OC)n1c3ccccc3c3c4c(c5c6ccccc6n2c5c31)C(=O)NC4,CHEMBL129946,False,6.48,,1,494.5950000000003,5.086300000000004,60.66,1,4,3,37,5,0.379798560580507,1,0.2399351351351351,O=C1NCc2c1c1c3ccccc3n3c1c1c2c2ccccc2n1C1CCC[C@@H]3O1,Other,mid,False,False,0.23682138323783875,0.3403043746948242,0.944089412689209,0.9403964877128601,0.9841347932815552,5.763178616762161
CXGBNSBKSWFTLF-UHFFFAOYSA-N,Cn1c(-c2csc(NN=C3CCCCC3)n2)nc2ccccc21,CHEMBL4747759,False,6.55,,1,325.441,4.428800000000003,55.1,1,5,3,23,3,0.7248381442358987,0,0.3901521739130434,c1ccc2[nH]c(-c3csc(NN=C4CCCCC4)n3)nc2c1,Other,mid,False,False,0.19872286915779114,0.26615577936172485,0.9384827017784119,0.9458111524581909,0.9542797803878784,5.801277130842209
BFCDFTHTSVTWOG-UHFFFAOYSA-N,CCCCCCCCNC(C)C(O)c1ccc(SC(C)C)cc1,CHEMBL404849,False,6.1,,1,337.5730000000001,5.559100000000006,32.26,2,3,12,23,1,0.3867470880654946,1,0.3633478260869565,c1ccccc1,Monocyclic,mid,False,False,0.6024609804153442,0.10666671395301819,0.8928141593933105,0.9417843222618103,0.8781048059463501,5.397539019584656
LVERBWQDRRFJMH-UHFFFAOYSA-N,N#CC(=Cc1ccc(O)cc1)C(=N)C(C#N)C#N,CHEMBL76589,False,6.9,,1,236.234,1.98231,115.45,2,5,3,18,1,0.6160239720343268,0,0.5251666666666668,c1ccccc1,Monocyclic,mid,False,False,-0.1736719012260437,0.3459833562374115,0.9412288069725037,0.9599937796592712,0.9681110382080078,6.173671901226044
VRWFLNVDDMVVDA-UHFFFAOYSA-N,O=C(NCCc1ccc(O)c(Br)c1)C(Cc1cc(Br)c(O)c(Oc2ccc(CCNC(=O)C(Cc3cc(Br)c(O)c(-c4cc(CC(=NO)C(=O)NCCc5ccc(O)c(Br)c5)cc(Br)c4O)c3)=NO)cc2Br)c1)=NO,CHEMBL2333163,False,6.22,,1,1412.367,10.443699999999996,295.45000000000005,11,15,21,75,6,0.0182242483270359,4,0.1136186666666666,N=C(Cc1cccc(Oc2ccc(CCNC(=O)C(=N)Cc3cccc(-c4cccc(CC(=N)C(=O)NCCc5ccccc5)c4)c3)cc2)c1)C(=O)NCCc1ccccc1,Other,mid,False,False,-0.8390620350837708,0.5074288845062256,0.8341647386550903,0.908997654914856,0.7922824025154114,6.839062035083771
VJHQVUCFLDPONP-UHFFFAOYSA-N,N#CC1C(c2ccccc2)=Nc2c(c(-c3cccs3)nn2-c2ccccc2)C12C(=O)Nc1ccc(Cl)cc12,CHEMBL5173862,False,6.92,,1,532.0280000000001,6.766580000000006,83.07,1,5,3,38,5,0.2787858815967162,2,0.2494842105263158,O=C1Nc2ccccc2C12CC(c1ccccc1)=Nc1c2c(-c2cccs2)nn1-c1ccccc1,Other,mid,False,False,0.019863346591591835,0.2031763195991516,0.863904595375061,0.9091784358024597,0.8195579051971436,5.980136653408408
IFRKWZRENNXHNA-UHFFFAOYSA-N,Cc1cccc(Nc2ncnc3ccncc23)c1NCCCN1CCOCC1,CHEMBL271410,False,8.03,,1,378.4800000000004,3.2110200000000004,75.2,2,7,7,28,3,0.6115385063534293,0,0.3928964285714285,c1ccc(Nc2ncnc3ccncc23)c(NCCCN2CCOCC2)c1,4-Anilinoquinazoline-like,high,False,False,1.0772019624710083,0.2441594898700714,0.9372286200523376,0.9506662487983704,0.9644943475723267,4.922798037528992
JKHRCGUTYDNCLE-UHFFFAOYSA-O,Oc1cc(O)c2cc(O)c(-c3cc(O)c(O)c(O)c3)[o+]c2c1,CHEMBL590878,False,8.2,,1,303.24600000000004,2.6145,132.68,6,6,1,22,3,0.3005071373309243,1,0.5106363636363637,c1ccc(-c2ccc3ccccc3[o+]2)cc1,Other,high,False,False,0.5373948216438293,0.3730141520500183,0.9317567944526672,0.9412704706192017,0.9593480825424194,5.462605178356171
SYMUMULXIOUCIP-MDZDMXLPSA-N,COc1cc(/C=C/S(=O)(=O)c2ccccc2)cc(OC)c1OC,CHEMBL5201532,False,8.11,,1,334.39300000000014,3.157000000000002,61.83000000000001,0,5,6,23,2,0.811905258332886,0,0.4830739130434782,O=S(=O)(/C=C/c1ccccc1)c1ccccc1,Other,high,False,False,1.7431914806365967,0.2106764316558838,0.9181154370307922,0.9367759227752686,0.9343083500862122,4.256808519363403
HOUMQZGBNXSVNG-QGZVFWFLSA-N,C=CC(=O)N1CCC[C@@H](n2nc(-c3ccc(Oc4ccc(Cl)cc4)cc3)c(C(N)=O)c2N)C1,CHEMBL4520801,True,8.1,,1,465.9410000000002,4.026400000000002,116.46999999999998,2,5,6,33,3,0.532927140594745,0,0.3362727272727273,c1ccc(Oc2ccc(-c3ccn([C@@H]4CCCNC4)n3)cc2)cc1,Covalent,high,False,False,-1.6613609790802002,0.7982916831970215,0.9300447702407837,0.9366093873977661,0.9762018322944641,7.6613609790802
IHWOEGMUGLEFAS-UHFFFAOYSA-N,O=C1N=c2ccc(I)cc2=C1Cc1cc(Br)c(O)c(Br)c1,CHEMBL1880739,True,8.59,,1,520.9460000000001,3.075000000000001,49.66,1,2,2,21,2,0.6189195120740839,1,0.5603952380952381,O=C1N=c2ccccc2=C1Cc1ccccc1,Covalent,high,False,False,-0.8330472707748413,0.4055821895599365,0.93300861120224,0.947422444820404,0.9464733600616455,6.833047270774841
ZEXVIFSUAXRZBO-UHFFFAOYSA-N,C=c1cc(C(=O)NCC(O)CN(CC)CC)[nH]c1=Cc1c(O)[nH]c2ncnc(Nc3ccc(F)c(Cl)c3)c12,CHEMBL304271,True,9.35,,1,542.0150000000001,2.1993,142.19,6,7,10,38,4,0.1806260598743928,2,0.3370921052631579,C=c1cc[nH]c1=Cc1c[nH]c2ncnc(Nc3ccccc3)c12,Covalent,high,False,False,-1.8073384761810303,0.6349164247512817,0.932225227355957,0.9333224296569824,0.9509880542755127,7.80733847618103
CGHOGBDIPXGGDV-UHFFFAOYSA-N,O=C(CSc1nnc(Nc2ccccc2)s1)N1N=C(c2ccccc2)CC1c1ccc([N+](=O)[O-])cc1,CHEMBL6132839,False,8.7,,1,516.6080000000003,5.659900000000004,113.62,1,9,8,36,4,0.1825666634543175,2,0.3310833333333333,O=C(CSc1nnc(Nc2ccccc2)s1)N1N=C(c2ccccc2)CC1c1ccccc1,Other,high,False,False,0.5957714319229126,0.21150164306163788,0.9090882539749146,0.9389809966087341,0.9168256521224976,5.404228568077087
NZFZJXGMCMWQJQ-HJOGWXRNSA-N,Cc1cc(C(=O)N[C@@H]2[C@H]3Oc4ccc(Oc5ccnc6c5CCC(=O)N6)cc4[C@@H]23)ccc1CO,CHEMBL5945719,False,8.21,0.3194265695482037,3,457.4860000000003,3.2161200000000023,109.78000000000002,3,6,5,34,3,0.5428371308537554,0,0.330814705882353,O=C1CCc2c(Oc3ccc4c(c3)[C@H]3[C@H](NC(=O)c5ccccc5)[C@H]3O4)ccnc2N1,Other,high,False,False,-1.1695821285247803,0.6992433071136475,0.928106963634491,0.9318683743476868,0.9782937169075012,7.16958212852478
RMAWTLGYTCCDFL-UHFFFAOYSA-N,Nc1cc(-c2nc3sccn3c2-c2ccnc(NCCCNS(=O)(=O)c3ccc(F)cc3)n2)ccc1F,CHEMBL5754849,False,8.27,,1,541.6090000000003,4.160700000000002,127.3,3,8,9,37,5,0.1888812138167007,1,0.3062135135135135,O=S(=O)(NCCCNc1nccc(-c2c(-c3ccccc3)nc3sccn23)n1)c1ccccc1,Other,high,False,False,-0.6869888305664062,0.5440172553062439,0.9297090768814087,0.9437591433525085,0.9524137377738953,6.686988830566406
LYKFUIDYYBNHOA-UHFFFAOYSA-N,N#Cc1ccc(Nc2nncc3ccccc23)cc1,CHEMBL3915508,False,8.39,,1,246.273,3.245080000000001,61.6,1,4,2,19,3,0.7535569773120635,0,0.6049631578947369,c1ccc(Nc2nncc3ccccc23)cc1,4-Anilinoquinazoline-like,high,False,False,0.9645916223526001,0.34891757369041443,0.9337698221206665,0.9388140439987183,0.9268718957901001,5.0354083776474
UYSMPOTUUGPRIT-UHFFFAOYSA-N,COc1ccc(-c2c3c4cc(OCCCN(C)C)c(OCCCN(C)C)cc4[nH]c(=O)c3n3ccc4cc(O)c(OC)cc4c23)cc1O,CHEMBL4791596,False,8.34,,1,654.7640000000002,5.843600000000008,121.13,3,9,13,48,6,0.131906507642005,2,0.2380375,O=c1[nH]c2ccccc2c2c(-c3ccccc3)c3c4ccccc4ccn3c12,Other,high,False,False,-1.4285176992416382,0.6454702615737915,0.939860999584198,0.9501994848251343,0.9739804863929749,7.428517699241638
BLJHEYUPQJFKPH-PLQXJYEYSA-N,Cc1cc(C(=O)Nc2nc3ccc(C4CCN(C)CC4)cc3n2[C@H]2CC[C@@H](O)CC2)cc(-c2cnn(C)c2)n1,CHEMBL5969707,False,9.4,1.6005311618334706,3,527.6730000000003,4.677720000000004,101.1,2,6,5,39,4,0.3909747163542757,1,0.3302051282051282,O=C(Nc1nc2ccc(C3CCNCC3)cc2n1C1CCCCC1)c1ccnc(-c2cn[nH]c2)c1,Other,high,False,False,-1.4981038570404053,0.2664395570755005,0.9401500821113586,0.9471357464790344,0.9754160642623901,7.498103857040405
OINWQMFPLYPJMF-UHFFFAOYSA-N,COc1ccc(N(C)c2nc(N)nc3c(Cc4ccccc4)c[nH]c23)cc1,CHEMBL4099329,False,8.96,,1,359.433,3.9074000000000018,80.06,2,5,5,27,4,0.5646813136512249,0,0.4546370370370371,c1ccc(Cc2c[nH]c3c(Nc4ccccc4)ncnc23)cc1,Other,high,False,False,1.1041593551635742,0.32073450088500977,0.9267336130142212,0.9428141713142395,0.9476523995399475,4.895840644836426
LGOLZSGPACQCPU-XBXARRHUSA-N,O=C(/C=C/CNC1CCC1)Nc1ccc2ncnc3c2c1C=CN3c1ccc(OCc2ccccn2)c(Cl)c1,CHEMBL5566473,True,8.9,,1,539.0390000000003,6.016400000000005,92.27,2,7,9,39,4,0.2517902061955021,2,0.3126410256410257,O=C(/C=C/CNC1CCC1)Nc1ccc2ncnc3c2c1C=CN3c1ccc(OCc2ccccn2)cc1,Covalent,high,False,False,-1.5801067352294922,0.8209943771362305,0.934785008430481,0.9482161998748779,0.9714516997337341,7.580106735229492
QXIOZIFTPMAING-VWLOTQADSA-N,Cc1[nH]nc2ccc(-c3cc(N[C@@H](CO)c4ccccc4)cnc3-c3cc(F)ccc3O)cc12,CHEMBL4062877,False,8.33,,1,454.50500000000017,5.590520000000005,94.06,4,5,6,34,5,0.2683326276538521,1,0.33565,c1ccc(CNc2cnc(-c3ccccc3)c(-c3ccc4n[nH]cc4c3)c2)cc1,Other,high,False,False,-1.9392497539520264,0.9727891683578491,0.9525548815727234,0.9488151669502258,0.9892935156822205,7.939249753952026
DWZFIFZYMHNRRV-UHFFFAOYSA-N,COc1cc(C=C(C#N)C#N)cc(O)c1O,CHEMBL80155,False,5.22,,1,216.196,1.53696,97.27,2,5,2,16,1,0.576774839125465,0,0.4469625,c1ccccc1,Monocyclic,low,False,False,0.27961599826812744,0.42266929149627686,0.9218511581420898,0.950957715511322,0.9404571056365967,5.720384001731873
CYXKNKQEMFBLER-UHFFFAOYSA-N,C1CCC(C(CC2CCCCN2)C2CCCCC2)CC1,CHEMBL75880,False,5.83,,1,277.496,5.295400000000005,12.03,1,1,4,20,0,0.7354070672581983,1,0.399355,C1CCC(C(CC2CCCCN2)C2CCCCC2)CC1,Other,low,False,False,0.9968500137329102,0.10270730406045914,0.8805486559867859,0.9424571394920349,0.8357881307601929,5.00314998626709
LLEGONWDLMTBGZ-UHFFFAOYSA-N,Fc1ccc(-c2csc(N3N=C(c4ccc(N5CCOCC5)cc4)CC3c3ccc(Cl)cc3)n2)cc1,CHEMBL4516916,False,4.63,,1,519.0450000000004,6.794900000000006,40.96,0,6,5,36,4,0.2913278853872579,2,0.1761972222222222,c1ccc(-c2csc(N3N=C(c4ccc(N5CCOCC5)cc4)CC3c3ccccc3)n2)cc1,Other,low,False,False,1.3434803485870361,0.06761682033538818,0.897182285785675,0.9254701733589172,0.88160240650177,4.656519651412964
NEUSVAOJNUQRTM-UHFFFAOYSA-N,CCCCCCCCCCCCCCCC[n+]1ccccc1,CHEMBL334255,False,5.46,,1,304.5419999999999,6.455400000000006,3.88,0,0,15,22,1,0.2586149443943418,1,0.3400090909090909,c1cc[nH+]cc1,Monocyclic,low,False,False,1.5457234382629395,0.3713451027870178,0.8878856897354126,0.9390596151351929,0.8230658173561096,4.4542765617370605
LWSWLSGAKCSXBP-UHFFFAOYSA-N,O=[N+]([O-])c1ccc2c(c1)S(=O)(=O)N=S2c1ccc(Br)cc1,CHEMBL605161,False,4.66,,1,387.236,3.2795000000000014,89.64,0,4,2,21,2,0.5843360881802505,0,0.3040095238095238,O=S1(=O)N=S(c2ccccc2)c2ccccc21,Other,low,False,False,0.9845556020736694,0.4119648039340973,0.9288957715034485,0.9404146671295166,0.9302093982696533,5.015444397926331
RUTCIZOQGCWURK-UHFFFAOYSA-N,N=C(N)SCCCn1c(=O)c2c(c1=O)n1c3ccccc3cc1c1cccc3ccn2c31,CHEMBL489083,False,5.34,,1,441.5160000000001,3.628070000000003,97.76,2,4,4,32,6,0.2479760818854352,0,0.22861875,O=c1[nH]c(=O)c2c1n1ccc3cccc(c31)c1cc3ccccc3n12,Other,low,False,False,0.10629909485578537,0.2747540771961212,0.9326545000076294,0.949195146560669,0.9225676655769348,5.893700905144215
ULUQCXYPIVGYDV-UHFFFAOYSA-N,Cc1ccc(Nc2ncnc3[nH]c(C)c(C)c23)cc1,CHEMBL307599,False,5.68,,1,252.321,3.6267600000000018,53.6,2,3,2,19,3,0.7319502575862973,0,0.4095578947368421,c1ccc(Nc2ncnc3[nH]ccc23)cc1,Other,low,False,False,0.23567599058151245,0.6151858568191528,0.9380750060081482,0.9410296082496643,0.9772394299507141,5.7643240094184875
ONZDNBGTAVEQQN-FJXLOMMUSA-N,CCC(C)[C@@H]1[C@@](C)(C(=O)/C=C/OC)[C@H]2[C@H](C)C[C@@](C)(O)C[C@]2(O)C(=O)[C@@]1(C)O,CHEMBL498247,False,4.98,,1,396.52400000000017,2.2461000000000007,104.06000000000002,3,6,5,28,0,0.4863422048410024,0,0.2436642857142857,O=C1CCC[C@H]2CCCCC12,Other,low,False,False,0.9357516765594482,0.1631888598203659,0.8554494976997375,0.9328309893608093,0.8413172960281372,5.064248323440552
BWGNRRGTNFKGQK-UHFFFAOYSA-N,O=C1C=CC(=O)c2c1c(O)c1c(NCCNCCO)ccc(NCCNCCO)c1c2O,CHEMBL58,False,5.27,,1,444.4880000000002,0.1737999999999997,163.18,8,10,12,32,2,0.167242178003754,1,0.225621875,O=C1C=CC(=O)c2cc3ccccc3cc21,Other,low,False,False,,,,,,
VNFPBHJOKIVQEB-UHFFFAOYSA-N,Clc1ccccc1C(c1ccccc1)(c1ccccc1)n1ccnc1,CHEMBL104,False,4.16,,1,344.845,5.376700000000004,17.82,0,1,4,25,4,0.4545449847420714,1,0.227968,c1ccc(C(c2ccccc2)(c2ccccc2)n2ccnc2)cc1,Other,low,False,False,0.892896294593811,0.4593363404273987,0.8853476643562317,0.9199943542480469,0.8563805222511292,5.107103705406189
HHKGVQGXRGQBBA-UHFFFAOYSA-N,CNc1ncnc(-c2cccnc2Oc2ccc(F)c(C(=O)Nc3cc(C(F)(F)F)ccc3N(C)CCCN(C)C)c2)n1,CHEMBL373882,False,4.6,,1,598.605,5.565700000000005,108.4,2,9,11,43,4,0.2144638954221678,2,0.1465581395348837,O=C(Nc1ccccc1)c1cccc(Oc2ncccc2-c2ncncn2)c1,Other,low,False,False,0.43190374970436096,0.2631502151489258,0.906330406665802,0.9290128350257874,0.926529586315155,5.568096250295639
IVVSBEQDCAZLFY-UHFFFAOYSA-N,CN1C(=O)C(N2CCc3cn(CC4CCS(=O)(=O)CC4)nc3C2=O)COc2ccccc21,CHEMBL4097778,False,6.0,,1,458.5400000000003,1.1301999999999994,101.81000000000002,0,6,3,32,2,0.683445922436075,0,0.256875,O=C1Nc2ccccc2OCC1N1CCc2cn(CC3CCS(=O)(=O)CC3)nc2C1=O,Other,low,False,False,0.9787956476211548,0.0761168971657753,0.8929104208946228,0.9281159043312073,0.8977853059768677,5.021204352378845
PYEJINQLXNJQOF-UHFFFAOYSA-N,NC(=S)NN=C(C=Cc1ccccc1Br)c1ccccc1,CHEMBL1830259,False,4.58,,1,360.28000000000003,3.6998000000000015,50.41,2,2,4,21,2,0.4966647556615991,0,0.2987904761904762,N=C(C=Cc1ccccc1)c1ccccc1,Other,low,False,False,-0.0873490571975708,0.6206312775611877,0.9366722106933594,0.941493570804596,0.9660939574241638,6.087349057197571
WSOCBHDTRCSWRH-UHFFFAOYSA-N,O=C1NCCc2cc(Br)c(O)c(c2)Oc2c(Br)cc(cc2Br)CCNC(=O)C(=NO)Cc2cc(Br)c(O)c(c2)Oc2c(Br)cc(cc2Br)CC1=NO,CHEMBL510730,False,5.7,,1,1098.0259999999998,9.034,182.3,6,10,0,52,4,0.0745326955802949,3,0.1501730769230769,N=C1Cc2ccc(cc2)Oc2cccc(c2)CC(=N)C(=O)NCCc2ccc(cc2)Oc2cccc(c2)CCNC1=O,Other,low,False,False,0.03834309056401253,0.21458858251571655,0.8625479936599731,0.9320600032806396,0.8774572014808655,5.9616569094359875
AOHNZGASXYBKDI-NLFFAJNJSA-N,CC(C)c1cnc(N2CC(C#N)C2)c2cnc(Nc3ccnc(N4CC[C@@H](O)[C@@](C)(F)C4)n3)cc12,CHEMBL5169349,False,5.47,,1,476.5600000000002,3.5457800000000024,114.09,2,9,5,35,3,0.5704931780812669,0,0.2141114285714285,c1cc(Nc2cc3ccnc(N4CCC4)c3cn2)nc(N2CCCCC2)n1,Other,low,False,False,0.03307203948497772,0.12790237367153168,0.9369045495986938,0.9398813247680664,0.9481427073478699,5.966927960515022
XGALLCVXEZPNRQ-UHFFFAOYSA-N,COc1cc2ncnc(Nc3ccc(F)c(Cl)c3)c2cc1OCCCN1CCOCC1,CHEMBL939,False,7.81,0.9840142491616628,141,446.9100000000004,4.275600000000003,68.74000000000001,1,7,8,31,3,0.517854527865434,0,0.3451516129032258,c1ccc(Nc2ncnc3ccc(OCCCN4CCOCC4)cc23)cc1,4-Anilinoquinazoline-like,mid,True,False,-0.6864367723464966,0.6766403913497925,0.9418516159057617,0.9480757117271423,0.9736970067024231,6.686436772346497
AAKJLRGGTJKAMG-UHFFFAOYSA-N,C#Cc1cccc(Nc2ncnc3cc(OCCOC)c(OCCOC)cc23)c1,CHEMBL553,False,7.69,1.0207195792105457,120,393.4430000000002,3.405100000000002,74.73000000000002,1,7,10,29,3,0.4178840975839869,0,0.3632862068965518,c1ccc(Nc2ncnc3ccccc23)cc1,4-Anilinoquinazoline-like,mid,True,False,-0.8947666883468628,0.7882781624794006,0.943220317363739,0.9454641342163086,0.9806055426597595,6.894766688346863
BCFGMOOMADDAQU-UHFFFAOYSA-N,CS(=O)(=O)CCNCc1ccc(-c2ccc3ncnc(Nc4ccc(OCc5cccc(F)c5)c(Cl)c4)c3c2)o1,CHEMBL554,False,7.97,0.6963564348681531,66,581.0690000000002,6.139100000000005,106.35,2,8,11,40,5,0.1794794929805593,2,0.2729725,c1ccc(COc2ccc(Nc3ncnc4ccc(-c5ccco5)cc34)cc2)cc1,4-Anilinoquinazoline-like,mid,True,False,-1.3933930397033691,0.7147451639175415,0.9288522601127625,0.9409547448158264,0.9521714448928833,7.393393039703369
DUYJMQONPNNFPI-UHFFFAOYSA-N,C=CC(=O)Nc1cc(Nc2nccc(-c3cn(C)c4ccccc34)n2)c(OC)cc1N(C)CCN(C)C,CHEMBL3353410,True,7.465,1.031679503949776,60,499.6190000000003,4.509800000000003,87.55,2,7,10,37,4,0.3105348061023151,0,0.2764067567567567,c1ccc(Nc2nccc(-c3c[nH]c4ccccc34)n2)cc1,Covalent,mid,True,False,-2.0767366886138916,0.9076149463653564,0.9422357678413391,0.9431385397911072,0.9758709073066711,8.076736688613892
FDMQDKQUTRLUBU-UHFFFAOYSA-N,C=CC(=O)Nc1cccc(Oc2nc(Nc3ccc(N4CCN(C)CC4)cc3)nc3ccsc23)c1,CHEMBL3786343,True,6.869999999999999,1.65462986797652,2,486.6010000000003,5.103500000000004,82.61999999999999,2,8,7,35,4,0.3516294002301692,1,0.2689114285714285,c1ccc(Oc2nc(Nc3ccc(N4CCNCC4)cc3)nc3ccsc23)cc1,Covalent,mid,True,False,-1.7518582344055176,0.8198524117469788,0.9428958296775818,0.9462806582450867,0.9785690307617188,7.751858234405518
UOFYSRZSLXWIQB-UHFFFAOYSA-N,C=CC(=O)Nc1cccc(Oc2nc(Nc3ccc(N4CCN(C)CC4)c(F)c3)nc3[nH]ccc23)c1,CHEMBL4297865,True,7.68,,1,487.5390000000002,4.5092000000000025,98.41,3,7,7,36,4,0.3300741005415762,0,0.2922666666666667,c1ccc(Oc2nc(Nc3ccc(N4CCNCC4)cc3)nc3[nH]ccc23)cc1,Covalent,mid,True,False,-2.337658643722534,0.9262622594833374,0.9470319151878357,0.9436454772949219,0.9794657826423645,8.337658643722534
KIYNHUKBQAQLPO-UHFFFAOYSA-N,Oc1ccc(-c2nnc(Cc3nc4ccccc4[nH]3)o2)cc1,CHEMBL4059610,False,4.0,,1,292.29800000000006,2.9093,87.83,2,5,3,22,4,0.6058730670068679,0,0.2490909090909091,c1ccc(-c2nnc(Cc3nc4ccccc4[nH]3)o2)cc1,Other,low,False,True,0.8415356874465942,0.3270919919013977,0.9336792230606079,0.9531435370445251,0.9465320706367493,5.158464312553406
VTYJRHSVANEYQX-UHFFFAOYSA-N,COc1cc(C2NCCc3c2[nH]c2ccccc32)ccc1OCc1ccc(B2OC(C)(C)C(C)(C)O2)cc1,CHEMBL5567680,False,4.07,,1,510.4430000000004,5.289800000000005,64.74000000000001,2,5,6,38,4,0.3454262755221053,2,0.1467342105263158,c1ccc2c3c([nH]c2c1)C(c1ccc(OCc2ccc(B4OCCO4)cc2)cc1)NCC3,Other,low,False,True,-0.44558966159820557,0.16091158986091614,0.8803519606590271,0.9387755393981934,0.8962796330451965,6.445589661598206
IYVUNPAVFASLSV-UHFFFAOYSA-N,Cc1nn(-c2ccccc2)nc1Cn1nc(-c2ccc(F)c(O)c2)c2c(N)ncnc21,CHEMBL1242845,False,4.0,,1,416.4200000000001,2.85762,120.56,2,7,4,31,5,0.462052910914727,0,0.1767741935483871,c1ccc(-c2nn(Cc3cnn(-c4ccccc4)n3)c3ncncc23)cc1,Other,low,False,True,0.2036374807357788,0.42628681659698486,0.937458336353302,0.9504790902137756,0.9632378816604614,5.796362519264221
ATSKCEZXZQLMAV-UHFFFAOYSA-N,O=C(Cc1c(SSc2[nH]c3ccccc3c2CC(=O)NCc2ccccc2)[nH]c2ccccc12)NCc1ccccc1,CHEMBL435831,False,4.42,,1,590.7740000000002,7.166400000000006,89.78,4,4,11,42,6,0.120536549604054,2,0.1441761904761904,O=C(Cc1c(SSc2[nH]c3ccccc3c2CC(=O)NCc2ccccc2)[nH]c2ccccc12)NCc1ccccc1,Other,low,False,True,1.629532814025879,0.4243625998497009,0.9089452028274536,0.929672122001648,0.8705341219902039,4.370467185974121
BKTOCNUVAFYRMQ-UHFFFAOYSA-N,COc1cc(C2NCCc3c2[nH]c2ccccc32)ccc1OCc1ccc(OC(F)(F)F)c(Cl)c1,CHEMBL5559904,False,4.21,,1,502.9200000000002,6.542600000000004,55.510000000000005,2,4,6,35,4,0.3140718921249687,2,0.1647914285714286,c1ccc(COc2ccc(C3NCCc4c3[nH]c3ccccc43)cc2)cc1,Other,low,False,True,0.9307876825332642,0.10535074025392532,0.833812415599823,0.9090495109558105,0.801656186580658,5.069212317466736
WYNQMPRRXLNUQG-MOSHPQCFSA-N,COc1cc(/C=C2\SC(=N)NC2=O)ccc1OCCCOc1cc(C)cc(C)c1,CHEMBL602890,True,4.25,,1,412.5110000000003,4.298610000000004,80.64,2,6,8,29,2,0.4991350807093584,0,0.2007758620689655,N=C1NC(=O)/C(=C/c2ccc(OCCCOc3ccccc3)cc2)S1,Covalent,low,False,True,-0.12718936800956726,0.062369704246520996,0.9017731547355652,0.9266833066940308,0.8503938317298889,6.127189368009567
WFFWDHORGIOMIR-UHFFFAOYSA-N,O=[N+]([O-])CCc1c(SSc2[nH]c3ccccc3c2CC[N+](=O)[O-])[nH]c2ccccc12,CHEMBL158119,False,4.05,,1,442.5220000000003,5.087000000000003,117.86,2,6,9,30,4,0.2117965708637852,1,0.18495,c1ccc2[nH]c(SSc3cc4ccccc4[nH]3)cc2c1,Other,low,False,True,0.5780237913131714,0.364133358001709,0.9341384172439575,0.9485095739364624,0.9324333667755127,5.421976208686829
JKFICPIMSFBOJJ-UHFFFAOYSA-N,Cc1ccc(N2NC(=O)C(=Cc3ccc(-c4cc([N+](=O)[O-])ccc4O)o3)C2=O)cc1C,CHEMBL2029690,True,4.13,,1,419.3930000000002,3.6386400000000014,125.92000000000002,2,6,4,31,3,0.2877754928145259,0,0.1825193548387096,O=C1NN(c2ccccc2)C(=O)C1=Cc1ccc(-c2ccccc2)o1,Covalent,low,False,True,0.7109459638595581,0.36163318157196045,0.8999645113945007,0.945037841796875,0.89677494764328,5.289054036140442
BWFSEWLGHWAHGL-UHFFFAOYSA-N,N#CCCc1c(SSc2[nH]c3ccccc3c2CCC#N)[nH]c2ccccc12,CHEMBL157304,False,4.33,,1,402.5480000000002,6.360960000000005,79.16,2,4,7,28,4,0.3524569344504539,1,0.2118607142857143,c1ccc2[nH]c(SSc3cc4ccccc4[nH]3)cc2c1,Other,low,False,True,0.2690678536891937,0.39047008752822876,0.9292993545532227,0.94156813621521,0.9435262084007263,5.730932146310806
NODQNHSJMFELTR-UHFFFAOYSA-N,COc1cc(C2NCCc3c2[nH]c2ccccc32)ccc1OCc1ccc(C#N)cc1F,CHEMBL5568100,False,4.09,,1,427.4790000000002,5.001380000000004,70.07,2,4,5,32,4,0.4702172423567476,1,0.175103125,c1ccc(COc2ccc(C3NCCc4c3[nH]c3ccccc43)cc2)cc1,Other,low,False,True,-0.24816599488258362,0.2522245943546295,0.9056063890457153,0.9357892870903015,0.9189521670341492,6.248165994882584
