compound,seconds,returncode
CHEMBL104,18.4,0
CHEMBL1242199,502.5,0
CHEMBL1242845,559.7,0
CHEMBL129946,1053.4,0
CHEMBL157304,372.3,0
CHEMBL158119,377.6,0
CHEMBL1817964,1026.1,0
CHEMBL1830259,360.0,0
CHEMBL1880739,404.4,0
CHEMBL2029690,373.9,0
CHEMBL2333163,352.3,0
CHEMBL271410,342.8,0
CHEMBL304271,1010.3,0
CHEMBL307599,363.7,0
CHEMBL334255,330.4,0
CHEMBL3353410,917.6,0
CHEMBL373882,1015.5,0
CHEMBL3786343,708.3,0
CHEMBL3797963,908.6,0
CHEMBL3915508,76529.3,0
CHEMBL404849,434.1,0
CHEMBL4059610,349.8,0
CHEMBL4062877,403.3,0
CHEMBL4097778,384.3,0
CHEMBL4099329,356.6,0
CHEMBL4297865,952.0,0
CHEMBL435831,1081.5,0
CHEMBL4452906,1085.8,0
CHEMBL4516916,982.5,0
CHEMBL4520801,80.9,0
CHEMBL4561572,74.2,0
CHEMBL4747759,75.3,0
CHEMBL4791596,76.1,0
CHEMBL4871569,72.8,0
CHEMBL489083,78.1,0
CHEMBL496,73.0,0
CHEMBL498247,78.9,0
CHEMBL510730,73.8,0
CHEMBL5169349,73.8,0
CHEMBL5173075,73.3,0
CHEMBL5173862,73.0,0
CHEMBL5201532,72.5,0
CHEMBL553,131.0,0
CHEMBL554,1009.2,0
CHEMBL5559904,88.9,0
CHEMBL5566473,79.4,0
CHEMBL5567680,81.4,0
CHEMBL5568100,74.7,0
CHEMBL5754849,76.6,0
CHEMBL58,274.7,1
CHEMBL590878,88.2,0
CHEMBL5945719,74.6,0
CHEMBL5969707,73.3,0
CHEMBL602890,80.0,0
CHEMBL605161,72.8,0
CHEMBL6132839,76.9,0
CHEMBL64894,75.2,0
CHEMBL75880,343.4,0
CHEMBL76589,347.2,0
CHEMBL80155,312.9,0
CHEMBL939,369.7,0
CHEMBL104,10.9,0
CHEMBL1242199,9.0,0
CHEMBL1242845,9.1,0
CHEMBL129946,9.4,0
CHEMBL157304,10.0,0
CHEMBL158119,10.5,0
CHEMBL1817964,9.1,0
CHEMBL1830259,8.4,0
CHEMBL1880739,9.6,0
CHEMBL2029690,10.5,0
CHEMBL2333163,9.1,0
CHEMBL271410,9.0,0
CHEMBL304271,9.3,0
CHEMBL307599,11.7,0
CHEMBL4520801,81.6,0
CHEMBL4561572,73.7,0
CHEMBL4747759,72.2,0
CHEMBL4791596,73.3,0
CHEMBL4871569,80.9,0
CHEMBL489083,72.9,0
CHEMBL496,76.4,0
CHEMBL498247,75.1,0
CHEMBL510730,78.7,0
CHEMBL5169349,72.4,0
CHEMBL5173075,74.4,0
CHEMBL5173862,74.8,0
CHEMBL5201532,101.5,0
CHEMBL553,73.8,0
CHEMBL5559904,72.7,0
CHEMBL5566473,72.5,0
CHEMBL5567680,73.6,0
CHEMBL5568100,80.5,0
CHEMBL5754849,952.0,0
CHEMBL58,285.6,1
CHEMBL590878,94.8,0
CHEMBL5945719,475.5,0
CHEMBL5969707,707.1,0
CHEMBL602890,75.1,0
CHEMBL605161,366.3,0
CHEMBL6132839,992.2,0
CHEMBL64894,73.6,0
CHEMBL4520801,79.5,0
CHEMBL4520801,365.5,0
CHEMBL4561572,349.8,0
CHEMBL4747759,350.3,0
CHEMBL4791596,883.8,0
CHEMBL4871569,357.3,0
CHEMBL489083,371.1,0
CHEMBL496,82.8,0
CHEMBL498247,75.9,0
CHEMBL510730,72.6,0
CHEMBL5169349,80.1,0
CHEMBL5173075,406.4,0
CHEMBL5173862,77.6,0
CHEMBL5201532,72.3,0
CHEMBL553,73.1,0
CHEMBL5559904,71.1,0
CHEMBL5566473,75.4,0
CHEMBL5567680,72.2,0
CHEMBL5568100,73.4,0
CHEMBL58,274.6,1
CHEMBL590878,82.4,0
CHEMBL602890,76.5,0
CHEMBL64894,73.8,0
CHEMBL496,126.2,0
CHEMBL498247,106.2,0
CHEMBL510730,82.1,0
CHEMBL5169349,81.4,0
CHEMBL5173862,1147.9,0
CHEMBL5201532,550.1,0
CHEMBL553,526.0,0
CHEMBL5559904,954.5,0
CHEMBL5566473,1026.3,0
CHEMBL5567680,1104.6,0
CHEMBL5568100,621.2,0
CHEMBL58,645.0,1
CHEMBL590878,607.1,0
CHEMBL496,386.5,0
CHEMBL498247,437.8,0
CHEMBL510730,858.7,0
CHEMBL5169349,716.4,0
CHEMBL58,244.8,1
CHEMBL602890,401.0,0
CHEMBL64894,506.9,0
CHEMBL58,252.7,1
CHEMBL58,255.1,1
